Workbook

Sheet Ohje
A1: Altaalle.com – bonuspisteiden laskentamalli
A3: Kolme sääntöä
A4: 1. Ansaitseminen | B4: Asiakas saa jokaisesta käytetystä eurosta kertoimen verran pisteitä (esimerkissä 1 € = 3 p).
A5: 2. Pisteen arvo | B5: 100 pistettä vastaa yhtä euroa. Pisteen arvo = 1 € ÷ 100 = 0,01 €.
A6: 3. Pistehinta | B6: Tuotteen pistehinta = euromääräinen hinta × 100. Näin asiakas saa takaisin 3 % ostojensa arvosta.
A8: Miten Vilkas laskee
A9: Ansaitut pisteet | B9: Lasketaan aina euroista: ostos × bonuspistekerroin (× tason kerroin tai kampanjakerroin).
A10: Pistehinta | B10: Syötetään tuotekohtaisesti välilehdelle Bonuspistehinta ("Voi ostaa pisteillä"). Järjestelmä ei johda sitä euroista automaattisesti.
A11: CSV-kaava | B11: bonushinta = PYÖRISTÄ(OVH × 100; 0)
A13: Välilehdet
A14: Malli | B14: Yhden tason esimerkki: säännöt, ansaitseminen, pistehinnat ja esimerkkiasiakas.
A15: Tasot | B15: Seuraavat tasot: vain kerroin muuttuu, pistehinnat pysyvät samoina.
A17: Värikoodit
A18: Sininen teksti, keltainen tausta | B18: Syöttösolu – muuta näitä.
A19: Musta teksti | B19: Kaava – älä muuta.
A20: Vihreä teksti | B20: Linkki toiselta välilehdeltä.
A22: Lähde | B22: Vilkas Suite tuki: Kanta-asiakasohjelma, https://www.vilkas.fi/tuki/suite/kanta-asiakasohjelma (luettu 20.10.2026). Esimerkkiluvut ovat oletuksia, ei päätettyjä arvoja.

Sheet Malli
A1: Bonuspisteiden esimerkkimalli – yksi taso
A2: Muuta vain keltaisia sinisellä kirjoitettuja syöttösoluja. Mustat solut lasketaan kaavoilla.
A4: 1. Säännöt (syöttötiedot)
A5: Asetus | B5: Arvo | C5: Selite
A6: Ansaitsemiskerroin (pistettä / €) | B6: 3 | C6: Montako pistettä asiakas saa jokaisesta käytetystä eurosta. Vilkkaassa: Bonuspistekerroin.
A7: Pisteitä per 1 € | B7: 100 | C7: Pisteen arvo: tämä määrä pisteitä vastaa yhtä euroa (100 p = 1 €).
A8: Rekisteröitymisbonus | B8: 500 | C8: Pisteet, jotka asiakas saa heti rekisteröityessään.
A10: Johdettu arvo | B10: Arvo | C10: Kaava / selite
A11: Yhden pisteen arvo | B11: =1/B7 -> 0.01 | C11: 1 € ÷ pisteitä per euro
A12: Asiakkaan etu (palautus-%) | B12: =B6*B11 -> 0.03 | C12: Kerroin × pisteen arvo. Kertoo, montako prosenttia ostoista palautuu.
A13: Tuotteen pistehinnan kerroin | B13: =B7 -> 100 | C13: Pistehinta = euromääräinen hinta × tämä luku (CSV: OVH × 100).
A15: 2. Ansaitseminen: paljonko ostoksesta kertyy pisteitä
A16: Ostos (€) | B16: Ansaitut pisteet | C16: Pisteiden arvo (€) | D16: Laskutoimitus
A17: 30 | B17: =ROUND(A17*$B$6,0) -> 90 | C17: =B17*$B$11 -> 0.9 | D17: =TEXT(A17,"0")&" € × "&$B$6&" p/€" -> 30 € × 3 p/€
A18: 75 | B18: =ROUND(A18*$B$6,0) -> 225 | C18: =B18*$B$11 -> 2.25 | D18: =TEXT(A18,"0")&" € × "&$B$6&" p/€" -> 75 € × 3 p/€ | E18: ← keskiostos
A19: 100 | B19: =ROUND(A19*$B$6,0) -> 300 | C19: =B19*$B$11 -> 3 | D19: =TEXT(A19,"0")&" € × "&$B$6&" p/€" -> 100 € × 3 p/€
A20: 300 | B20: =ROUND(A20*$B$6,0) -> 900 | C20: =B20*$B$11 -> 9 | D20: =TEXT(A20,"0")&" € × "&$B$6&" p/€" -> 300 € × 3 p/€
A22: 3. Tuotteiden pistehinnat: paljonko tuote maksaa pelkillä pisteillä
A23: Tuote | B23: Hinta (€) | C23: Pistehinta | D23: Ostoja tarvitaan pisteiden keräämiseen (€)
A24: Uimalakki | B24: 10 | C24: =ROUND(B24*$B$7,0) -> 1000 | D24: =C24/$B$6 -> 333.33333
A25: Uimalasit | B25: 20 | C25: =ROUND(B25*$B$7,0) -> 2000 | D25: =C25/$B$6 -> 666.66667
A26: Uimahousut | B26: 50 | C26: =ROUND(B26*$B$7,0) -> 5000 | D26: =C26/$B$6 -> 1666.6667
A27: Pistehinta = hinta × pisteitä per euro. Tarvittavat ostot = pistehinta ÷ ansaitsemiskerroin.
A29: 4. Esimerkkiasiakas vuoden aikana
A30: Vaihe | B30: Tapahtuma | C30: Maksettu (€) | D30: Pisteet (+/−) | E30: Saldo
A31: 1 | B31: Rekisteröityy | C31: 0 | D31: =$B$8 -> 500 | E31: =D31 -> 500
A32: 2 | B32: Ostaa uimalasit | C32: 20 | D32: =ROUND(C32*$B$6,0) -> 60 | E32: =E31+D32 -> 560
A33: 3 | B33: Ostaa varusteita | C33: 75 | D33: =ROUND(C33*$B$6,0) -> 225 | E33: =E32+D33 -> 785
A34: 4 | B34: Ostaa seuratakin | C34: 230 | D34: =ROUND(C34*$B$6,0) -> 690 | E34: =E33+D34 -> 1475
A35: 5 | B35: Ostaa uimalakin pisteillä | C35: 0 | D35: =-C24 -> -1000 | E35: =E34+D35 -> 475
A37: Maksettu yhteensä | B37: =SUM(C31:C35) -> 325
A38: Pisteillä saatu etu (uimalakin hinta) | B38: =B24 -> 10
A39: Etu suhteessa ostoihin (sis. rekisteröitymisbonuksen) | B39: =IF(B37=0,0,B38/B37) -> 0.030769231

Sheet Tasot
A1: Seuraavat tasot – vain ansaitsemiskerroin muuttuu
A2: Pisteen arvo ja tuotteiden pistehinnat pysyvät samoina kaikilla tasoilla, joten tuotteita ei tarvitse hinnoitella uudelleen.
A4: Esimerkkituotteen hinta (€) | B4: 50
A5: Esimerkkituotteen pistehinta | B5: =ROUND(B4*Malli!$B$7,0) -> 5000
A7: Taso | B7: Kerroin (p/€) | C7: Etu (%) | D7: Keskiostos 75 € kerryttää | E7: Esimerkkituote saavutetaan ostoilla (€)
A8: Taso 1 | B8: =Malli!B6 -> 3 | C8: =B8/Malli!$B$7 -> 0.03 | D8: =ROUND(75*B8,0) -> 225 | E8: =IF(B8=0,0,$B$5/B8) -> 1666.6667
A9: Taso 2 | B9: 4 | C9: =B9/Malli!$B$7 -> 0.04 | D9: =ROUND(75*B9,0) -> 300 | E9: =IF(B9=0,0,$B$5/B9) -> 1250
A10: Taso 3 | B10: 5 | C10: =B10/Malli!$B$7 -> 0.05 | D10: =ROUND(75*B10,0) -> 375 | E10: =IF(B10=0,0,$B$5/B10) -> 1000
A12: Taso 1 haetaan Malli-välilehdeltä (vihreä = linkki toiselle välilehdelle). Tasojen 2–3 kertoimia voi muuttaa.
A13: Yleiskaava: etu-% = kerroin ÷ pisteitä per euro. Tarvittavat ostot = pistehinta ÷ kerroin.
